Dataset,Subject_ID,Video_ID,Onset_Frame,Apex_Frame,Offset_Frame,Raw_Emotion,Unified_Emotion,Action_Units,Expression_Type,Sequence_Length,FPS,Frames_Directory,Frames_Exist,OF_Processed
CASME_II,1,EP02_01f,46,59.0,86,happiness,Positive,12,micro-expression,41,200,/home/pantaddh/Desktop/Addy thesis/DATASETS/CASME_Ⅱ/CASME2-RAW/sub01/EP02_01f.avi,True,True
CASME_II,1,EP03_02,131,139.0,161,others,Others,18,micro-expression,31,200,/home/pantaddh/Desktop/Addy thesis/DATASETS/CASME_Ⅱ/CASME2-RAW/sub01/EP03_02.avi,True,True
CASME_II,1,EP04_02,21,54.0,76,others,Others,4,micro-expression,56,200,/home/pantaddh/Desktop/Addy thesis/DATASETS/CASME_Ⅱ/CASME2-RAW/sub01/EP04_02.avi,True,True
CASME_II,1,EP04_03,31,41.0,56,others,Others,4,micro-expression,26,200,/home/pantaddh/Desktop/Addy thesis/DATASETS/CASME_Ⅱ/CASME2-RAW/sub01/EP04_03.avi,True,True
CASME_II,1,EP04_04,23,49.0,66,others,Others,4,micro-expression,44,200,/home/pantaddh/Desktop/Addy thesis/DATASETS/CASME_Ⅱ/CASME2-RAW/sub01/EP04_04.avi,True,True
CASME_II,1,EP19_01,26,49.0,66,others,Others,4,micro-expression,41,200,/home/pantaddh/Desktop/Addy thesis/DATASETS/CASME_Ⅱ/CASME2-RAW/sub01/EP19_01.avi,True,True
CASME_II,1,EP19_03f,81,96.0,161,others,Others,4,micro-expression,81,200,/home/pantaddh/Desktop/Addy thesis/DATASETS/CASME_Ⅱ/CASME2-RAW/sub01/EP19_03f.avi,True,True
CASME_II,1,EP19_05f,396,416.0,446,disgust,Negative,4+L10,micro-expression,51,200,/home/pantaddh/Desktop/Addy thesis/DATASETS/CASME_Ⅱ/CASME2-RAW/sub01/EP19_05f.avi,True,True
CASME_II,1,EP19_06f,36,71.0,161,disgust,Negative,4+5+L10,micro-expression,126,200,/home/pantaddh/Desktop/Addy thesis/DATASETS/CASME_Ⅱ/CASME2-RAW/sub01/EP19_06f.avi,True,True
CASME_II,2,EP01_11f,46,91.0,96,repression,Negative,15,micro-expression,51,200,/home/pantaddh/Desktop/Addy thesis/DATASETS/CASME_Ⅱ/CASME2-RAW/sub02/EP01_11f.avi,True,True
CASME_II,2,EP02_04f,31,79.0,141,repression,Negative,12+15,micro-expression,111,200,/home/pantaddh/Desktop/Addy thesis/DATASETS/CASME_Ⅱ/CASME2-RAW/sub02/EP02_04f.avi,True,True
CASME_II,2,EP03_02f,16,81.0,136,repression,Negative,15,micro-expression,121,200,/home/pantaddh/Desktop/Addy thesis/DATASETS/CASME_Ⅱ/CASME2-RAW/sub02/EP03_02f.avi,True,True
CASME_II,2,EP06_01f,56,121.0,155,repression,Negative,14,micro-expression,100,200,/home/pantaddh/Desktop/Addy thesis/DATASETS/CASME_Ⅱ/CASME2-RAW/sub02/EP06_01f.avi,True,True
CASME_II,2,EP06_02f,36,64.0,111,repression,Negative,14,micro-expression,76,200,/home/pantaddh/Desktop/Addy thesis/DATASETS/CASME_Ⅱ/CASME2-RAW/sub02/EP06_02f.avi,True,True
CASME_II,2,EP08_04,16,69.0,106,others,Others,14,micro-expression,91,200,/home/pantaddh/Desktop/Addy thesis/DATASETS/CASME_Ⅱ/CASME2-RAW/sub02/EP08_04.avi,True,True
CASME_II,2,EP09_01,26,56.0,125,happiness,Positive,1+12,micro-expression,100,200,/home/pantaddh/Desktop/Addy thesis/DATASETS/CASME_Ⅱ/CASME2-RAW/sub02/EP09_01.avi,True,True
CASME_II,2,EP09_06f,11,49.0,151,others,Others,4,micro-expression,141,200,/home/pantaddh/Desktop/Addy thesis/DATASETS/CASME_Ⅱ/CASME2-RAW/sub02/EP09_06f.avi,True,True
CASME_II,2,EP09_10,26,36.0,66,others,Others,17,micro-expression,41,200,/home/pantaddh/Desktop/Addy thesis/DATASETS/CASME_Ⅱ/CASME2-RAW/sub02/EP09_10.avi,True,True
CASME_II,2,EP11_01,16,69.0,106,surprise,Surprise,1+L2,micro-expression,91,200,/home/pantaddh/Desktop/Addy thesis/DATASETS/CASME_Ⅱ/CASME2-RAW/sub02/EP11_01.avi,True,True
CASME_II,2,EP13_04,21,51.0,76,surprise,Surprise,1,micro-expression,56,200,/home/pantaddh/Desktop/Addy thesis/DATASETS/CASME_Ⅱ/CASME2-RAW/sub02/EP13_04.avi,True,True
CASME_II,2,EP14_01,81,114.0,126,surprise,Surprise,1+L2,micro-expression,46,200,/home/pantaddh/Desktop/Addy thesis/DATASETS/CASME_Ⅱ/CASME2-RAW/sub02/EP14_01.avi,True,True
CASME_II,2,EP15_04,26,66.0,96,others,Others,17,micro-expression,71,200,/home/pantaddh/Desktop/Addy thesis/DATASETS/CASME_Ⅱ/CASME2-RAW/sub02/EP15_04.avi,True,True
CASME_II,3,EP01_2,51,69.0,91,surprise,Surprise,1,micro-expression,41,200,/home/pantaddh/Desktop/Addy thesis/DATASETS/CASME_Ⅱ/CASME2-RAW/sub03/EP01_2.avi,True,True
CASME_II,3,EP07_03,16,46.0,76,others,Others,4,micro-expression,61,200,/home/pantaddh/Desktop/Addy thesis/DATASETS/CASME_Ⅱ/CASME2-RAW/sub03/EP07_03.avi,True,True
CASME_II,3,EP07_04,21,81.0,106,disgust,Negative,4+L10,micro-expression,86,200,/home/pantaddh/Desktop/Addy thesis/DATASETS/CASME_Ⅱ/CASME2-RAW/sub03/EP07_04.avi,True,True
CASME_II,3,EP08_1,11,44.0,91,others,Others,4,micro-expression,81,200,/home/pantaddh/Desktop/Addy thesis/DATASETS/CASME_Ⅱ/CASME2-RAW/sub03/EP08_1.avi,True,True
CASME_II,3,EP09_03,61,76.0,121,disgust,Negative,4+9,micro-expression,61,200,/home/pantaddh/Desktop/Addy thesis/DATASETS/CASME_Ⅱ/CASME2-RAW/sub03/EP09_03.avi,True,True
CASME_II,3,EP18_06,26,81.0,126,disgust,Negative,4+7,micro-expression,101,200,/home/pantaddh/Desktop/Addy thesis/DATASETS/CASME_Ⅱ/CASME2-RAW/sub03/EP18_06.avi,True,True
CASME_II,3,EP19_08,101,121.0,141,disgust,Negative,4+7+9,micro-expression,41,200,/home/pantaddh/Desktop/Addy thesis/DATASETS/CASME_Ⅱ/CASME2-RAW/sub03/EP19_08.avi,True,True
CASME_II,4,EP12_01f,261,,321,disgust,Negative,4+7,micro-expression,61,200,/home/pantaddh/Desktop/Addy thesis/DATASETS/CASME_Ⅱ/CASME2-RAW/sub04/EP12_01f.avi,True,True
CASME_II,4,EP12_02f,356,387.0,406,disgust,Negative,4+L9+14,micro-expression,51,200,/home/pantaddh/Desktop/Addy thesis/DATASETS/CASME_Ⅱ/CASME2-RAW/sub04/EP12_02f.avi,True,True
CASME_II,4,EP13_02f,51,81.0,111,others,Others,4,micro-expression,61,200,/home/pantaddh/Desktop/Addy thesis/DATASETS/CASME_Ⅱ/CASME2-RAW/sub04/EP13_02f.avi,True,True
CASME_II,4,EP13_06f,71,108.0,161,disgust,Negative,4+6+7,micro-expression,91,200,/home/pantaddh/Desktop/Addy thesis/DATASETS/CASME_Ⅱ/CASME2-RAW/sub04/EP13_06f.avi,True,True
CASME_II,4,EP19_01f,191,209.0,226,others,Others,4,micro-expression,36,200,/home/pantaddh/Desktop/Addy thesis/DATASETS/CASME_Ⅱ/CASME2-RAW/sub04/EP19_01f.avi,True,True
CASME_II,5,EP02_07,36,66.0,101,surprise,Surprise,1+2,micro-expression,66,200,/home/pantaddh/Desktop/Addy thesis/DATASETS/CASME_Ⅱ/CASME2-RAW/sub05/EP02_07.avi,True,True
CASME_II,5,EP03_01,41,81.0,101,happiness,Positive,14,micro-expression,61,200,/home/pantaddh/Desktop/Addy thesis/DATASETS/CASME_Ⅱ/CASME2-RAW/sub05/EP03_01.avi,True,True
CASME_II,5,EP03_06,33,66.0,83,surprise,Surprise,1,micro-expression,51,200,/home/pantaddh/Desktop/Addy thesis/DATASETS/CASME_Ⅱ/CASME2-RAW/sub05/EP03_06.avi,True,True
CASME_II,5,EP03_07,41,64.0,83,others,Others,4,micro-expression,43,200,/home/pantaddh/Desktop/Addy thesis/DATASETS/CASME_Ⅱ/CASME2-RAW/sub05/EP03_07.avi,True,True
CASME_II,5,EP04_05,16,44.0,66,surprise,Surprise,1,micro-expression,51,200,/home/pantaddh/Desktop/Addy thesis/DATASETS/CASME_Ⅱ/CASME2-RAW/sub05/EP04_05.avi,True,True
CASME_II,5,EP04_06,6,49.0,91,surprise,Surprise,L2+12,micro-expression,86,200,/home/pantaddh/Desktop/Addy thesis/DATASETS/CASME_Ⅱ/CASME2-RAW/sub05/EP04_06.avi,True,True
CASME_II,5,EP05_03,51,71.0,141,others,Others,?,micro-expression,91,200,/home/pantaddh/Desktop/Addy thesis/DATASETS/CASME_Ⅱ/CASME2-RAW/sub05/EP05_03.avi,True,True
CASME_II,5,EP05_09,49,94.0,136,others,Others,15,micro-expression,88,200,/home/pantaddh/Desktop/Addy thesis/DATASETS/CASME_Ⅱ/CASME2-RAW/sub05/EP05_09.avi,True,True
CASME_II,5,EP06_10,85,116.0,136,others,Others,4,micro-expression,52,200,/home/pantaddh/Desktop/Addy thesis/DATASETS/CASME_Ⅱ/CASME2-RAW/sub05/EP06_10.avi,True,True
CASME_II,5,EP07_01,49,66.0,106,others,Others,?,micro-expression,58,200,/home/pantaddh/Desktop/Addy thesis/DATASETS/CASME_Ⅱ/CASME2-RAW/sub05/EP07_01.avi,True,True
CASME_II,5,EP08_05,6,39.0,71,others,Others,4,micro-expression,66,200,/home/pantaddh/Desktop/Addy thesis/DATASETS/CASME_Ⅱ/CASME2-RAW/sub05/EP08_05.avi,True,True
CASME_II,5,EP09_05f,69,69.0,123,disgust,Negative,R2+15,micro-expression,55,200,/home/pantaddh/Desktop/Addy thesis/DATASETS/CASME_Ⅱ/CASME2-RAW/sub05/EP09_05f.avi,True,True
CASME_II,5,EP12_03f,11,36.0,61,surprise,Surprise,25,micro-expression,51,200,/home/pantaddh/Desktop/Addy thesis/DATASETS/CASME_Ⅱ/CASME2-RAW/sub05/EP12_03f.avi,True,True
CASME_II,5,EP12_06,46,76.0,121,others,Others,17,micro-expression,76,200,/home/pantaddh/Desktop/Addy thesis/DATASETS/CASME_Ⅱ/CASME2-RAW/sub05/EP12_06.avi,True,True
CASME_II,5,EP13_04f,36,69.0,111,others,Others,?,micro-expression,76,200,/home/pantaddh/Desktop/Addy thesis/DATASETS/CASME_Ⅱ/CASME2-RAW/sub05/EP13_04f.avi,True,True
CASME_II,5,EP13_06,16,46.0,76,others,Others,4,micro-expression,61,200,/home/pantaddh/Desktop/Addy thesis/DATASETS/CASME_Ⅱ/CASME2-RAW/sub05/EP13_06.avi,True,True
CASME_II,5,EP16_03f,39,81.0,138,others,Others,4,micro-expression,100,200,/home/pantaddh/Desktop/Addy thesis/DATASETS/CASME_Ⅱ/CASME2-RAW/sub05/EP16_03f.avi,True,True
CASME_II,5,EP16_04f,141,181.0,181,others,Others,4,micro-expression,41,200,/home/pantaddh/Desktop/Addy thesis/DATASETS/CASME_Ⅱ/CASME2-RAW/sub05/EP16_04f.avi,True,True
CASME_II,5,EP19_03,6,29.0,58,others,Others,4,micro-expression,53,200,/home/pantaddh/Desktop/Addy thesis/DATASETS/CASME_Ⅱ/CASME2-RAW/sub05/EP19_03.avi,True,True
CASME_II,6,EP01_01,81,111.0,136,happiness,Positive,L14+L15,micro-expression,56,200,/home/pantaddh/Desktop/Addy thesis/DATASETS/CASME_Ⅱ/CASME2-RAW/sub06/EP01_01.avi,True,True
CASME_II,6,EP02_31,99,131.0,148,surprise,Surprise,L2+26+38,micro-expression,50,200,/home/pantaddh/Desktop/Addy thesis/DATASETS/CASME_Ⅱ/CASME2-RAW/sub06/EP02_31.avi,True,True
CASME_II,6,EP10_08,116,139.0,161,others,Others,4,micro-expression,46,200,/home/pantaddh/Desktop/Addy thesis/DATASETS/CASME_Ⅱ/CASME2-RAW/sub06/EP10_08.avi,True,True
CASME_II,6,EP15_02,56,79.0,106,surprise,Surprise,R1+R2,micro-expression,51,200,/home/pantaddh/Desktop/Addy thesis/DATASETS/CASME_Ⅱ/CASME2-RAW/sub06/EP15_02.avi,True,True
CASME_II,6,EP16_05,94,114.0,151,disgust,Negative,L10,micro-expression,58,200,/home/pantaddh/Desktop/Addy thesis/DATASETS/CASME_Ⅱ/CASME2-RAW/sub06/EP16_05.avi,True,True
CASME_II,7,EP01_01,79,109.0,156,disgust,Negative,4+R10,micro-expression,78,200,/home/pantaddh/Desktop/Addy thesis/DATASETS/CASME_Ⅱ/CASME2-RAW/sub07/EP01_01.avi,True,True
CASME_II,7,EP03_04,11,49.0,76,others,Others,R4,micro-expression,66,200,/home/pantaddh/Desktop/Addy thesis/DATASETS/CASME_Ⅱ/CASME2-RAW/sub07/EP03_04.avi,True,True
CASME_II,7,EP06_01,15,49.0,68,others,Others,4+38,micro-expression,54,200,/home/pantaddh/Desktop/Addy thesis/DATASETS/CASME_Ⅱ/CASME2-RAW/sub07/EP06_01.avi,True,True
CASME_II,7,EP06_02_01,11,66.0,91,disgust,Negative,4+R10,micro-expression,81,200,/home/pantaddh/Desktop/Addy thesis/DATASETS/CASME_Ⅱ/CASME2-RAW/sub07/EP06_02_01.avi,False,False
CASME_II,7,EP06_02_02,36,81.0,91,disgust,Negative,4+R10,micro-expression,56,200,/home/pantaddh/Desktop/Addy thesis/DATASETS/CASME_Ⅱ/CASME2-RAW/sub07/EP06_02_02.avi,False,False
CASME_II,7,EP08_02,141,174.0,191,disgust,Negative,R4+R10,micro-expression,51,200,/home/pantaddh/Desktop/Addy thesis/DATASETS/CASME_Ⅱ/CASME2-RAW/sub07/EP08_02.avi,True,True
CASME_II,7,EP15_01,36,64.0,91,disgust,Negative,R10,micro-expression,56,200,/home/pantaddh/Desktop/Addy thesis/DATASETS/CASME_Ⅱ/CASME2-RAW/sub07/EP15_01.avi,True,True
CASME_II,7,EP18_01,6,24.0,51,others,Others,R14,micro-expression,46,200,/home/pantaddh/Desktop/Addy thesis/DATASETS/CASME_Ⅱ/CASME2-RAW/sub07/EP18_01.avi,True,True
CASME_II,7,EP18_03,11,54.0,96,others,Others,7,micro-expression,86,200,/home/pantaddh/Desktop/Addy thesis/DATASETS/CASME_Ⅱ/CASME2-RAW/sub07/EP18_03.avi,True,True
CASME_II,8,EP12_07f,26,74.0,118,others,Others,4,micro-expression,93,200,/home/pantaddh/Desktop/Addy thesis/DATASETS/CASME_Ⅱ/CASME2-RAW/sub08/EP12_07f.avi,True,True
CASME_II,8,EP12_08f,71,106.0,170,others,Others,4,micro-expression,100,200,/home/pantaddh/Desktop/Addy thesis/DATASETS/CASME_Ⅱ/CASME2-RAW/sub08/EP12_08f.avi,True,True
CASME_II,8,EP13_01f,49,86.0,126,repression,Negative,15+17,micro-expression,78,200,/home/pantaddh/Desktop/Addy thesis/DATASETS/CASME_Ⅱ/CASME2-RAW/sub08/EP13_01f.avi,True,True
CASME_II,9,EP02_01f,21,74.0,91,happiness,Positive,L12,micro-expression,71,200,/home/pantaddh/Desktop/Addy thesis/DATASETS/CASME_Ⅱ/CASME2-RAW/sub09/EP02_01f.avi,True,True
CASME_II,9,EP05_02,66,119.0,196,others,Others,4+7,micro-expression,131,200,/home/pantaddh/Desktop/Addy thesis/DATASETS/CASME_Ⅱ/CASME2-RAW/sub09/EP05_02.avi,True,True
CASME_II,9,EP05_03,91,116.0,156,others,Others,4+7,micro-expression,66,200,/home/pantaddh/Desktop/Addy thesis/DATASETS/CASME_Ⅱ/CASME2-RAW/sub09/EP05_03.avi,True,True
CASME_II,9,EP05_05,46,84.0,96,happiness,Positive,L12,micro-expression,51,200,/home/pantaddh/Desktop/Addy thesis/DATASETS/CASME_Ⅱ/CASME2-RAW/sub09/EP05_05.avi,True,True
CASME_II,9,EP06_01f,66,144.0,186,repression,Negative,15,micro-expression,121,200,/home/pantaddh/Desktop/Addy thesis/DATASETS/CASME_Ⅱ/CASME2-RAW/sub09/EP06_01f.avi,True,True
CASME_II,9,EP06_02f,36,101.0,131,happiness,Positive,12+15,micro-expression,96,200,/home/pantaddh/Desktop/Addy thesis/DATASETS/CASME_Ⅱ/CASME2-RAW/sub09/EP06_02f.avi,True,True
CASME_II,9,EP09_04,26,71.0,146,repression,Negative,15+17,micro-expression,121,200,/home/pantaddh/Desktop/Addy thesis/DATASETS/CASME_Ⅱ/CASME2-RAW/sub09/EP09_04.avi,True,True
CASME_II,9,EP09_05,26,81.0,111,repression,Negative,15,micro-expression,86,200,/home/pantaddh/Desktop/Addy thesis/DATASETS/CASME_Ⅱ/CASME2-RAW/sub09/EP09_05.avi,True,True
CASME_II,9,EP09f,26,64.0,86,happiness,Positive,15,micro-expression,61,200,/home/pantaddh/Desktop/Addy thesis/DATASETS/CASME_Ⅱ/CASME2-RAW/sub09/EP09f.avi,True,True
CASME_II,9,EP13_01,31,74.0,121,repression,Negative,17,micro-expression,91,200,/home/pantaddh/Desktop/Addy thesis/DATASETS/CASME_Ⅱ/CASME2-RAW/sub09/EP13_01.avi,True,True
CASME_II,9,EP13_02,71,96.0,131,fear,Negative,20,micro-expression,61,200,/home/pantaddh/Desktop/Addy thesis/DATASETS/CASME_Ⅱ/CASME2-RAW/sub09/EP13_02.avi,True,True
CASME_II,9,EP15_05,56,91.0,111,happiness,Positive,L12,micro-expression,56,200,/home/pantaddh/Desktop/Addy thesis/DATASETS/CASME_Ⅱ/CASME2-RAW/sub09/EP15_05.avi,True,True
CASME_II,9,EP17_08,6,41.0,76,repression,Negative,17,micro-expression,71,200,/home/pantaddh/Desktop/Addy thesis/DATASETS/CASME_Ⅱ/CASME2-RAW/sub09/EP17_08.avi,True,True
CASME_II,9,EP18_03,11,39.0,81,others,Others,4+7,micro-expression,71,200,/home/pantaddh/Desktop/Addy thesis/DATASETS/CASME_Ⅱ/CASME2-RAW/sub09/EP18_03.avi,True,True
CASME_II,10,EP06_01f,11,54.0,101,others,Others,4,micro-expression,91,200,/home/pantaddh/Desktop/Addy thesis/DATASETS/CASME_Ⅱ/CASME2-RAW/sub10/EP06_01f.avi,True,True
CASME_II,10,EP08_01f,76,114.0,141,others,Others,4,micro-expression,66,200,/home/pantaddh/Desktop/Addy thesis/DATASETS/CASME_Ⅱ/CASME2-RAW/sub10/EP08_01f.avi,True,True
CASME_II,10,EP10_01f,111,136.0,171,others,Others,4,micro-expression,61,200,/home/pantaddh/Desktop/Addy thesis/DATASETS/CASME_Ⅱ/CASME2-RAW/sub10/EP10_01f.avi,True,True
CASME_II,10,EP11_01,31,64.0,101,others,Others,4,micro-expression,71,200,/home/pantaddh/Desktop/Addy thesis/DATASETS/CASME_Ⅱ/CASME2-RAW/sub10/EP11_01.avi,True,True
CASME_II,10,EP11_01f,36,64.0,91,others,Others,4,micro-expression,56,200,/home/pantaddh/Desktop/Addy thesis/DATASETS/CASME_Ⅱ/CASME2-RAW/sub10/EP11_01f.avi,True,True
CASME_II,10,EP12_02f,26,54.0,86,others,Others,4,micro-expression,61,200,/home/pantaddh/Desktop/Addy thesis/DATASETS/CASME_Ⅱ/CASME2-RAW/sub10/EP12_02f.avi,True,True
CASME_II,10,EP12_03f,26,81.0,111,others,Others,4,micro-expression,86,200,/home/pantaddh/Desktop/Addy thesis/DATASETS/CASME_Ⅱ/CASME2-RAW/sub10/EP12_03f.avi,True,True
CASME_II,10,EP12_04,61,101.0,146,others,Others,4,micro-expression,86,200,/home/pantaddh/Desktop/Addy thesis/DATASETS/CASME_Ⅱ/CASME2-RAW/sub10/EP12_04.avi,True,True
CASME_II,10,EP13_01,11,59.0,76,fear,Negative,L16,micro-expression,66,200,/home/pantaddh/Desktop/Addy thesis/DATASETS/CASME_Ⅱ/CASME2-RAW/sub10/EP13_01.avi,True,True
CASME_II,10,EP13_02f,41,109.0,131,others,Others,4,micro-expression,91,200,/home/pantaddh/Desktop/Addy thesis/DATASETS/CASME_Ⅱ/CASME2-RAW/sub10/EP13_02f.avi,True,True
CASME_II,10,EP13_03f,11,46.0,76,others,Others,4,micro-expression,66,200,/home/pantaddh/Desktop/Addy thesis/DATASETS/CASME_Ⅱ/CASME2-RAW/sub10/EP13_03f.avi,True,True
CASME_II,10,EP16_02f,21,64.0,110,others,Others,4,micro-expression,90,200,/home/pantaddh/Desktop/Addy thesis/DATASETS/CASME_Ⅱ/CASME2-RAW/sub10/EP16_02f.avi,True,True
CASME_II,10,EP18_01f,11,44.0,73,others,Others,4,micro-expression,63,200,/home/pantaddh/Desktop/Addy thesis/DATASETS/CASME_Ⅱ/CASME2-RAW/sub10/EP18_01f.avi,True,True
CASME_II,10,EP19_04f,81,84.0,126,others,Others,4,micro-expression,46,200,/home/pantaddh/Desktop/Addy thesis/DATASETS/CASME_Ⅱ/CASME2-RAW/sub10/EP19_04f.avi,True,True
CASME_II,11,EP02_06f,71,96.0,116,others,Others,4+L14,micro-expression,46,200,/home/pantaddh/Desktop/Addy thesis/DATASETS/CASME_Ⅱ/CASME2-RAW/sub11/EP02_06f.avi,True,True
CASME_II,11,EP08_01f,96,121.0,146,disgust,Negative,4,micro-expression,51,200,/home/pantaddh/Desktop/Addy thesis/DATASETS/CASME_Ⅱ/CASME2-RAW/sub11/EP08_01f.avi,True,True
CASME_II,11,EP12_03f,91,141.0,185,others,Others,4,micro-expression,95,200,/home/pantaddh/Desktop/Addy thesis/DATASETS/CASME_Ⅱ/CASME2-RAW/sub11/EP12_03f.avi,True,True
CASME_II,11,EP13_02f,51,111.0,141,disgust,Negative,4+9,micro-expression,91,200,/home/pantaddh/Desktop/Addy thesis/DATASETS/CASME_Ⅱ/CASME2-RAW/sub11/EP13_02f.avi,True,True
CASME_II,11,EP13_03f,6,49.0,81,disgust,Negative,4,micro-expression,76,200,/home/pantaddh/Desktop/Addy thesis/DATASETS/CASME_Ⅱ/CASME2-RAW/sub11/EP13_03f.avi,True,True
CASME_II,11,EP13_05f,16,61.0,111,disgust,Negative,4+9,micro-expression,96,200,/home/pantaddh/Desktop/Addy thesis/DATASETS/CASME_Ⅱ/CASME2-RAW/sub11/EP13_05f.avi,True,True
CASME_II,11,EP15_01f,56,89.0,111,others,Others,4,micro-expression,56,200,/home/pantaddh/Desktop/Addy thesis/DATASETS/CASME_Ⅱ/CASME2-RAW/sub11/EP15_01f.avi,True,True
CASME_II,11,EP15_04f,61,76.0,96,others,Others,R14,micro-expression,36,200,/home/pantaddh/Desktop/Addy thesis/DATASETS/CASME_Ⅱ/CASME2-RAW/sub11/EP15_04f.avi,True,True
CASME_II,11,EP18_03f,56,106.0,131,others,Others,4,micro-expression,76,200,/home/pantaddh/Desktop/Addy thesis/DATASETS/CASME_Ⅱ/CASME2-RAW/sub11/EP18_03f.avi,True,True
CASME_II,11,EP19_03f,11,94.0,151,others,Others,4,micro-expression,141,200,/home/pantaddh/Desktop/Addy thesis/DATASETS/CASME_Ⅱ/CASME2-RAW/sub11/EP19_03f.avi,True,True
CASME_II,12,EP01_02,31,99.0,106,disgust,Negative,4+10,micro-expression,76,200,/home/pantaddh/Desktop/Addy thesis/DATASETS/CASME_Ⅱ/CASME2-RAW/sub12/EP01_02.avi,True,True
CASME_II,12,EP02_05,41,61.0,140,surprise,Surprise,1+2,micro-expression,100,200,/home/pantaddh/Desktop/Addy thesis/DATASETS/CASME_Ⅱ/CASME2-RAW/sub12/EP02_05.avi,True,True
CASME_II,12,EP03_02,26,59.0,91,others,Others,14,micro-expression,66,200,/home/pantaddh/Desktop/Addy thesis/DATASETS/CASME_Ⅱ/CASME2-RAW/sub12/EP03_02.avi,True,True
CASME_II,12,EP03_04,60,129.0,156,happiness,Positive,6+12,micro-expression,97,200,/home/pantaddh/Desktop/Addy thesis/DATASETS/CASME_Ⅱ/CASME2-RAW/sub12/EP03_04.avi,True,True
CASME_II,12,EP04_16,36,56.0,135,disgust,Negative,4,micro-expression,100,200,/home/pantaddh/Desktop/Addy thesis/DATASETS/CASME_Ⅱ/CASME2-RAW/sub12/EP04_16.avi,True,True
CASME_II,12,EP06_06,36,76.0,111,surprise,Surprise,1+2,micro-expression,76,200,/home/pantaddh/Desktop/Addy thesis/DATASETS/CASME_Ⅱ/CASME2-RAW/sub12/EP06_06.avi,True,True
CASME_II,12,EP08_01,46,81.0,106,surprise,Surprise,1+2,micro-expression,61,200,/home/pantaddh/Desktop/Addy thesis/DATASETS/CASME_Ⅱ/CASME2-RAW/sub12/EP08_01.avi,True,True
CASME_II,12,EP08_03,76,114.0,156,surprise,Surprise,1+2,micro-expression,81,200,/home/pantaddh/Desktop/Addy thesis/DATASETS/CASME_Ⅱ/CASME2-RAW/sub12/EP08_03.avi,True,True
CASME_II,12,EP08_07,111,134.0,186,happiness,Positive,R6+R12,micro-expression,76,200,/home/pantaddh/Desktop/Addy thesis/DATASETS/CASME_Ⅱ/CASME2-RAW/sub12/EP08_07.avi,True,True
CASME_II,12,EP09_02,16,59.0,101,disgust,Negative,4+7,micro-expression,86,200,/home/pantaddh/Desktop/Addy thesis/DATASETS/CASME_Ⅱ/CASME2-RAW/sub12/EP09_02.avi,True,True
CASME_II,12,EP09_06,66,111.0,111,disgust,Negative,4+7,micro-expression,46,200,/home/pantaddh/Desktop/Addy thesis/DATASETS/CASME_Ⅱ/CASME2-RAW/sub12/EP09_06.avi,True,True
CASME_II,12,EP16_02,136,189.0,226,disgust,Negative,4+5+7+9,micro-expression,91,200,/home/pantaddh/Desktop/Addy thesis/DATASETS/CASME_Ⅱ/CASME2-RAW/sub12/EP16_02.avi,True,True
CASME_II,13,EP01_01,76,111.0,131,others,Others,4,micro-expression,56,200,/home/pantaddh/Desktop/Addy thesis/DATASETS/CASME_Ⅱ/CASME2-RAW/sub13/EP01_01.avi,True,True
CASME_II,13,EP01_02,76,101.0,116,others,Others,14,micro-expression,41,200,/home/pantaddh/Desktop/Addy thesis/DATASETS/CASME_Ⅱ/CASME2-RAW/sub13/EP01_02.avi,True,True
CASME_II,13,EP02_02,11,34.0,68,others,Others,14,micro-expression,58,200,/home/pantaddh/Desktop/Addy thesis/DATASETS/CASME_Ⅱ/CASME2-RAW/sub13/EP02_02.avi,True,True
CASME_II,13,EP02_03,26,59.0,66,others,Others,14,micro-expression,41,200,/home/pantaddh/Desktop/Addy thesis/DATASETS/CASME_Ⅱ/CASME2-RAW/sub13/EP02_03.avi,True,True
CASME_II,13,EP03_01,31,86.0,111,happiness,Positive,12,micro-expression,81,200,/home/pantaddh/Desktop/Addy thesis/DATASETS/CASME_Ⅱ/CASME2-RAW/sub13/EP03_01.avi,True,True
CASME_II,13,EP08_01,54,81.0,106,others,Others,4,micro-expression,53,200,/home/pantaddh/Desktop/Addy thesis/DATASETS/CASME_Ⅱ/CASME2-RAW/sub13/EP08_01.avi,True,True
CASME_II,13,EP09_10,51,76.0,126,happiness,Positive,6+12,micro-expression,76,200,/home/pantaddh/Desktop/Addy thesis/DATASETS/CASME_Ⅱ/CASME2-RAW/sub13/EP09_10.avi,True,True
CASME_II,13,EP12_01,6,41.0,61,others,Others,4,micro-expression,56,200,/home/pantaddh/Desktop/Addy thesis/DATASETS/CASME_Ⅱ/CASME2-RAW/sub13/EP12_01.avi,True,True
CASME_II,14,EP04_04f,11,44.0,86,others,Others,14,micro-expression,76,200,/home/pantaddh/Desktop/Addy thesis/DATASETS/CASME_Ⅱ/CASME2-RAW/sub14/EP04_04f.avi,True,True
CASME_II,14,EP09_03,6,29.0,41,happiness,Positive,14,micro-expression,36,200,/home/pantaddh/Desktop/Addy thesis/DATASETS/CASME_Ⅱ/CASME2-RAW/sub14/EP09_03.avi,True,True
CASME_II,14,EP09_04,21,71.0,106,happiness,Positive,14,micro-expression,86,200,/home/pantaddh/Desktop/Addy thesis/DATASETS/CASME_Ⅱ/CASME2-RAW/sub14/EP09_04.avi,True,True
CASME_II,14,EP09_06,11,59.0,91,happiness,Positive,6+12,micro-expression,81,200,/home/pantaddh/Desktop/Addy thesis/DATASETS/CASME_Ⅱ/CASME2-RAW/sub14/EP09_06.avi,True,True
CASME_II,15,EP03_02,16,49.0,76,happiness,Positive,L12,micro-expression,61,200,/home/pantaddh/Desktop/Addy thesis/DATASETS/CASME_Ⅱ/CASME2-RAW/sub15/EP03_02.avi,True,True
CASME_II,15,EP04_02,21,46.0,111,surprise,Surprise,1+R2+25,micro-expression,91,200,/home/pantaddh/Desktop/Addy thesis/DATASETS/CASME_Ⅱ/CASME2-RAW/sub15/EP04_02.avi,True,True
CASME_II,15,EP08_02,21,54.0,78,disgust,Negative,4+7,micro-expression,58,200,/home/pantaddh/Desktop/Addy thesis/DATASETS/CASME_Ⅱ/CASME2-RAW/sub15/EP08_02.avi,True,True
CASME_II,16,EP01_05,66,106.0,156,happiness,Positive,4+R12,micro-expression,91,200,/home/pantaddh/Desktop/Addy thesis/DATASETS/CASME_Ⅱ/CASME2-RAW/sub16/EP01_05.avi,True,True
CASME_II,16,EP01_08,73,94.0,110,repression,Negative,17,micro-expression,38,200,/home/pantaddh/Desktop/Addy thesis/DATASETS/CASME_Ⅱ/CASME2-RAW/sub16/EP01_08.avi,True,True
CASME_II,16,EP01_09f,51,76.0,163,others,Others,4+12,micro-expression,113,200,/home/pantaddh/Desktop/Addy thesis/DATASETS/CASME_Ⅱ/CASME2-RAW/sub16/EP01_09f.avi,True,True
CASME_II,16,EP04_02f,181,269.0,271,happiness,Positive,R12,micro-expression,91,200,/home/pantaddh/Desktop/Addy thesis/DATASETS/CASME_Ⅱ/CASME2-RAW/sub16/EP04_02f.avi,True,True
CASME_II,17,EP01_06,81,86.0,121,happiness,Positive,12,micro-expression,41,200,/home/pantaddh/Desktop/Addy thesis/DATASETS/CASME_Ⅱ/CASME2-RAW/sub17/EP01_06.avi,True,True
CASME_II,17,EP01_13,76,134.0,166,surprise,Surprise,2,micro-expression,91,200,/home/pantaddh/Desktop/Addy thesis/DATASETS/CASME_Ⅱ/CASME2-RAW/sub17/EP01_13.avi,True,True
CASME_II,17,EP01_15,86,101.0,126,happiness,Positive,12,micro-expression,41,200,/home/pantaddh/Desktop/Addy thesis/DATASETS/CASME_Ⅱ/CASME2-RAW/sub17/EP01_15.avi,True,True
CASME_II,17,EP02_01,91,119.0,136,disgust,Negative,4+6+7+9,micro-expression,46,200,/home/pantaddh/Desktop/Addy thesis/DATASETS/CASME_Ⅱ/CASME2-RAW/sub17/EP02_01.avi,True,True
CASME_II,17,EP02_03,81,109.0,131,disgust,Negative,4+7,micro-expression,51,200,/home/pantaddh/Desktop/Addy thesis/DATASETS/CASME_Ⅱ/CASME2-RAW/sub17/EP02_03.avi,True,True
CASME_II,17,EP02_11,161,181.0,210,disgust,Negative,4+9+17,micro-expression,50,200,/home/pantaddh/Desktop/Addy thesis/DATASETS/CASME_Ⅱ/CASME2-RAW/sub17/EP02_11.avi,True,True
CASME_II,17,EP02_18f,91,134.0,181,repression,Negative,17,micro-expression,91,200,/home/pantaddh/Desktop/Addy thesis/DATASETS/CASME_Ⅱ/CASME2-RAW/sub17/EP02_18f.avi,True,True
CASME_II,17,EP03_02,118,139.0,161,disgust,Negative,4+7,micro-expression,44,200,/home/pantaddh/Desktop/Addy thesis/DATASETS/CASME_Ⅱ/CASME2-RAW/sub17/EP03_02.avi,True,True
CASME_II,17,EP03_09,96,132.0,161,happiness,Positive,6+12,micro-expression,66,200,/home/pantaddh/Desktop/Addy thesis/DATASETS/CASME_Ⅱ/CASME2-RAW/sub17/EP03_09.avi,True,True
CASME_II,17,EP05_02,25,91.0,121,happiness,Positive,12,micro-expression,97,200,/home/pantaddh/Desktop/Addy thesis/DATASETS/CASME_Ⅱ/CASME2-RAW/sub17/EP05_02.avi,True,True
CASME_II,17,EP05_03,21,56.0,101,happiness,Positive,12+L14,micro-expression,81,200,/home/pantaddh/Desktop/Addy thesis/DATASETS/CASME_Ⅱ/CASME2-RAW/sub17/EP05_03.avi,True,True
CASME_II,17,EP05_03f,11,59.0,76,repression,Negative,17,micro-expression,66,200,/home/pantaddh/Desktop/Addy thesis/DATASETS/CASME_Ⅱ/CASME2-RAW/sub17/EP05_03f.avi,True,True
CASME_II,17,EP05_04,6,39.0,71,repression,Negative,17,micro-expression,66,200,/home/pantaddh/Desktop/Addy thesis/DATASETS/CASME_Ⅱ/CASME2-RAW/sub17/EP05_04.avi,True,True
CASME_II,17,EP05_09,121,144.0,196,repression,Negative,17,micro-expression,76,200,/home/pantaddh/Desktop/Addy thesis/DATASETS/CASME_Ⅱ/CASME2-RAW/sub17/EP05_09.avi,True,True
CASME_II,17,EP05_10,111,129.0,151,repression,Negative,17,micro-expression,41,200,/home/pantaddh/Desktop/Addy thesis/DATASETS/CASME_Ⅱ/CASME2-RAW/sub17/EP05_10.avi,True,True
CASME_II,17,EP06_04,71,91.0,161,disgust,Negative,4+7,micro-expression,91,200,/home/pantaddh/Desktop/Addy thesis/DATASETS/CASME_Ⅱ/CASME2-RAW/sub17/EP06_04.avi,True,True
CASME_II,17,EP06_07,216,225.0,246,happiness,Positive,L12,micro-expression,31,200,/home/pantaddh/Desktop/Addy thesis/DATASETS/CASME_Ⅱ/CASME2-RAW/sub17/EP06_07.avi,True,True
CASME_II,17,EP06_08,156,194.0,231,repression,Negative,17,micro-expression,76,200,/home/pantaddh/Desktop/Addy thesis/DATASETS/CASME_Ⅱ/CASME2-RAW/sub17/EP06_08.avi,True,True
CASME_II,17,EP07_01,21,71.0,115,disgust,Negative,4+7,micro-expression,95,200,/home/pantaddh/Desktop/Addy thesis/DATASETS/CASME_Ⅱ/CASME2-RAW/sub17/EP07_01.avi,True,True
CASME_II,17,EP08_02,21,66.0,88,disgust,Negative,4+7,micro-expression,68,200,/home/pantaddh/Desktop/Addy thesis/DATASETS/CASME_Ⅱ/CASME2-RAW/sub17/EP08_02.avi,True,True
CASME_II,17,EP08_03,51,69.0,84,others,Others,4,micro-expression,34,200,/home/pantaddh/Desktop/Addy thesis/DATASETS/CASME_Ⅱ/CASME2-RAW/sub17/EP08_03.avi,True,True
CASME_II,17,EP10_06,104,121.0,161,repression,Negative,17,micro-expression,58,200,/home/pantaddh/Desktop/Addy thesis/DATASETS/CASME_Ⅱ/CASME2-RAW/sub17/EP10_06.avi,True,True
CASME_II,17,EP11_01,9,31.0,53,disgust,Negative,4+7,micro-expression,45,200,/home/pantaddh/Desktop/Addy thesis/DATASETS/CASME_Ⅱ/CASME2-RAW/sub17/EP11_01.avi,True,True
CASME_II,17,EP11_02,36,81.0,121,disgust,Negative,4+7,micro-expression,86,200,/home/pantaddh/Desktop/Addy thesis/DATASETS/CASME_Ⅱ/CASME2-RAW/sub17/EP11_02.avi,True,True
CASME_II,17,EP12_03,131,156.0,184,repression,Negative,17,micro-expression,54,200,/home/pantaddh/Desktop/Addy thesis/DATASETS/CASME_Ⅱ/CASME2-RAW/sub17/EP12_03.avi,True,True
CASME_II,17,EP13_01,146,164.0,191,others,Others,4,micro-expression,46,200,/home/pantaddh/Desktop/Addy thesis/DATASETS/CASME_Ⅱ/CASME2-RAW/sub17/EP13_01.avi,True,True
CASME_II,17,EP13_03,51,79.0,136,disgust,Negative,4+7,micro-expression,86,200,/home/pantaddh/Desktop/Addy thesis/DATASETS/CASME_Ⅱ/CASME2-RAW/sub17/EP13_03.avi,True,True
CASME_II,17,EP13_04,86,104.0,121,disgust,Negative,4+7,micro-expression,36,200,/home/pantaddh/Desktop/Addy thesis/DATASETS/CASME_Ⅱ/CASME2-RAW/sub17/EP13_04.avi,True,True
CASME_II,17,EP13_06,86,109.0,131,disgust,Negative,4+7,micro-expression,46,200,/home/pantaddh/Desktop/Addy thesis/DATASETS/CASME_Ⅱ/CASME2-RAW/sub17/EP13_06.avi,True,True
CASME_II,17,EP13_09,6,46.0,101,happiness,Positive,L12,micro-expression,96,200,/home/pantaddh/Desktop/Addy thesis/DATASETS/CASME_Ⅱ/CASME2-RAW/sub17/EP13_09.avi,True,True
CASME_II,17,EP15_01,81,104.0,111,sadness,Negative,1,micro-expression,31,200,/home/pantaddh/Desktop/Addy thesis/DATASETS/CASME_Ⅱ/CASME2-RAW/sub17/EP15_01.avi,True,True
CASME_II,17,EP15_03,319,338.0,356,sadness,Negative,1,micro-expression,38,200,/home/pantaddh/Desktop/Addy thesis/DATASETS/CASME_Ⅱ/CASME2-RAW/sub17/EP15_03.avi,True,True
CASME_II,17,EP15_04,109,131.0,185,repression,Negative,17,micro-expression,77,200,/home/pantaddh/Desktop/Addy thesis/DATASETS/CASME_Ⅱ/CASME2-RAW/sub17/EP15_04.avi,True,True
CASME_II,17,EP15_05,21,49.0,66,others,Others,R14,micro-expression,46,200,/home/pantaddh/Desktop/Addy thesis/DATASETS/CASME_Ⅱ/CASME2-RAW/sub17/EP15_05.avi,True,True
CASME_II,17,EP16_01f,8,29.0,71,disgust,Negative,4+7+9,micro-expression,64,200,/home/pantaddh/Desktop/Addy thesis/DATASETS/CASME_Ⅱ/CASME2-RAW/sub17/EP16_01f.avi,True,True
CASME_II,17,EP18_07,36,69.0,103,disgust,Negative,4+7+9,micro-expression,68,200,/home/pantaddh/Desktop/Addy thesis/DATASETS/CASME_Ⅱ/CASME2-RAW/sub17/EP18_07.avi,True,True
CASME_II,18,EP08_01,111,139.0,147,others,Others,4,micro-expression,37,200,/home/pantaddh/Desktop/Addy thesis/DATASETS/CASME_Ⅱ/CASME2-RAW/sub18/EP08_01.avi,True,True
CASME_II,18,EP18_01,66,91.0,126,others,Others,4,micro-expression,61,200,/home/pantaddh/Desktop/Addy thesis/DATASETS/CASME_Ⅱ/CASME2-RAW/sub18/EP18_01.avi,True,True
CASME_II,18,EP19_01,95,121.0,140,others,Others,4,micro-expression,46,200,/home/pantaddh/Desktop/Addy thesis/DATASETS/CASME_Ⅱ/CASME2-RAW/sub18/EP19_01.avi,True,True
CASME_II,19,EP01_01f,121,189.0,220,happiness,Positive,12,micro-expression,100,200,/home/pantaddh/Desktop/Addy thesis/DATASETS/CASME_Ⅱ/CASME2-RAW/sub19/EP01_01f.avi,True,True
CASME_II,19,EP01_02f,36,61.0,127,happiness,Positive,6+12,micro-expression,92,200,/home/pantaddh/Desktop/Addy thesis/DATASETS/CASME_Ⅱ/CASME2-RAW/sub19/EP01_02f.avi,True,True
CASME_II,19,EP02_01,91,119.0,151,surprise,Surprise,L1+L2,micro-expression,61,200,/home/pantaddh/Desktop/Addy thesis/DATASETS/CASME_Ⅱ/CASME2-RAW/sub19/EP02_01.avi,True,True
CASME_II,19,EP06_01f,146,174.0,201,surprise,Surprise,L1+L2,micro-expression,56,200,/home/pantaddh/Desktop/Addy thesis/DATASETS/CASME_Ⅱ/CASME2-RAW/sub19/EP06_01f.avi,True,True
CASME_II,19,EP06_02f,211,264.0,291,others,Others,6+7+12,micro-expression,81,200,/home/pantaddh/Desktop/Addy thesis/DATASETS/CASME_Ⅱ/CASME2-RAW/sub19/EP06_02f.avi,True,True
CASME_II,19,EP08_02,76,119.0,155,happiness,Positive,6+7+12,micro-expression,80,200,/home/pantaddh/Desktop/Addy thesis/DATASETS/CASME_Ⅱ/CASME2-RAW/sub19/EP08_02.avi,True,True
CASME_II,19,EP11_01f,61,81.0,116,others,Others,?,micro-expression,56,200,/home/pantaddh/Desktop/Addy thesis/DATASETS/CASME_Ⅱ/CASME2-RAW/sub19/EP11_01f.avi,True,True
CASME_II,19,EP11_04f,76,96.0,131,surprise,Surprise,L2+14,micro-expression,56,200,/home/pantaddh/Desktop/Addy thesis/DATASETS/CASME_Ⅱ/CASME2-RAW/sub19/EP11_04f.avi,True,True
CASME_II,19,EP13_01,71,104.0,156,disgust,Negative,4+7+6,micro-expression,86,200,/home/pantaddh/Desktop/Addy thesis/DATASETS/CASME_Ⅱ/CASME2-RAW/sub19/EP13_01.avi,True,True
CASME_II,19,EP15_03f,51,81.0,101,others,Others,12,micro-expression,51,200,/home/pantaddh/Desktop/Addy thesis/DATASETS/CASME_Ⅱ/CASME2-RAW/sub19/EP15_03f.avi,True,True
CASME_II,19,EP16_01,86,109.0,136,disgust,Negative,4+9+10,micro-expression,51,200,/home/pantaddh/Desktop/Addy thesis/DATASETS/CASME_Ⅱ/CASME2-RAW/sub19/EP16_01.avi,True,True
CASME_II,19,EP16_02,61,79.0,101,disgust,Negative,4+9+10,micro-expression,41,200,/home/pantaddh/Desktop/Addy thesis/DATASETS/CASME_Ⅱ/CASME2-RAW/sub19/EP16_02.avi,True,True
CASME_II,19,EP19_01,66,86.0,101,others,Others,4,micro-expression,36,200,/home/pantaddh/Desktop/Addy thesis/DATASETS/CASME_Ⅱ/CASME2-RAW/sub19/EP19_01.avi,True,True
CASME_II,19,EP19_02,106,129.0,151,surprise,Surprise,L1+L2,micro-expression,46,200,/home/pantaddh/Desktop/Addy thesis/DATASETS/CASME_Ⅱ/CASME2-RAW/sub19/EP19_02.avi,True,True
CASME_II,19,EP19_03,61,91.0,116,surprise,Surprise,L1+L2,micro-expression,56,200,/home/pantaddh/Desktop/Addy thesis/DATASETS/CASME_Ⅱ/CASME2-RAW/sub19/EP19_03.avi,True,True
CASME_II,19,EP19_04,46,69.0,86,sadness,Negative,L1,micro-expression,41,200,/home/pantaddh/Desktop/Addy thesis/DATASETS/CASME_Ⅱ/CASME2-RAW/sub19/EP19_04.avi,True,True
CASME_II,20,EP01_03,76,101.0,126,disgust,Negative,L4,micro-expression,51,200,/home/pantaddh/Desktop/Addy thesis/DATASETS/CASME_Ⅱ/CASME2-RAW/sub20/EP01_03.avi,True,True
CASME_II,20,EP03_02,45,74.0,111,others,Others,14,micro-expression,67,200,/home/pantaddh/Desktop/Addy thesis/DATASETS/CASME_Ⅱ/CASME2-RAW/sub20/EP03_02.avi,True,True
CASME_II,20,EP06_03,31,49.0,61,disgust,Negative,4,micro-expression,31,200,/home/pantaddh/Desktop/Addy thesis/DATASETS/CASME_Ⅱ/CASME2-RAW/sub20/EP06_03.avi,True,True
CASME_II,20,EP07_04,96,116.0,151,others,Others,4,micro-expression,56,200,/home/pantaddh/Desktop/Addy thesis/DATASETS/CASME_Ⅱ/CASME2-RAW/sub20/EP07_04.avi,True,True
CASME_II,20,EP10_02,131,166.0,216,others,Others,14,micro-expression,86,200,/home/pantaddh/Desktop/Addy thesis/DATASETS/CASME_Ⅱ/CASME2-RAW/sub20/EP10_02.avi,True,True
CASME_II,20,EP12_01,41,104.0,106,others,Others,14,micro-expression,66,200,/home/pantaddh/Desktop/Addy thesis/DATASETS/CASME_Ⅱ/CASME2-RAW/sub20/EP12_01.avi,True,True
CASME_II,20,EP13_02,71,109.0,121,others,Others,4,micro-expression,51,200,/home/pantaddh/Desktop/Addy thesis/DATASETS/CASME_Ⅱ/CASME2-RAW/sub20/EP13_02.avi,True,True
CASME_II,20,EP15_03f,86,129.0,181,others,Others,4,micro-expression,96,200,/home/pantaddh/Desktop/Addy thesis/DATASETS/CASME_Ⅱ/CASME2-RAW/sub20/EP15_03f.avi,True,True
CASME_II,20,EP16_01,71,111.0,111,others,Others,4,micro-expression,41,200,/home/pantaddh/Desktop/Addy thesis/DATASETS/CASME_Ⅱ/CASME2-RAW/sub20/EP16_01.avi,True,True
CASME_II,20,EP16_04,81,106.0,121,others,Others,14,micro-expression,41,200,/home/pantaddh/Desktop/Addy thesis/DATASETS/CASME_Ⅱ/CASME2-RAW/sub20/EP16_04.avi,True,True
CASME_II,20,EP18_03,48,90.0,126,others,Others,4,micro-expression,79,200,/home/pantaddh/Desktop/Addy thesis/DATASETS/CASME_Ⅱ/CASME2-RAW/sub20/EP18_03.avi,True,True
CASME_II,21,EP01_07,6,21.0,36,others,Others,4,micro-expression,31,200,/home/pantaddh/Desktop/Addy thesis/DATASETS/CASME_Ⅱ/CASME2-RAW/sub21/EP01_07.avi,True,True
CASME_II,21,EP05_02,111,141.0,206,repression,Negative,12+14+17,micro-expression,96,200,/home/pantaddh/Desktop/Addy thesis/DATASETS/CASME_Ⅱ/CASME2-RAW/sub21/EP05_02.avi,True,True
CASME_II,22,EP01_12,50,119.0,146,repression,Negative,15+17,micro-expression,97,200,/home/pantaddh/Desktop/Addy thesis/DATASETS/CASME_Ⅱ/CASME2-RAW/sub22/EP01_12.avi,True,True
CASME_II,22,EP13_08,151,216.0,256,repression,Negative,15+17,micro-expression,106,200,/home/pantaddh/Desktop/Addy thesis/DATASETS/CASME_Ⅱ/CASME2-RAW/sub22/EP13_08.avi,True,True
CASME_II,23,EP02_01,36,86.0,130,happiness,Positive,6+12+17,micro-expression,95,200,/home/pantaddh/Desktop/Addy thesis/DATASETS/CASME_Ⅱ/CASME2-RAW/sub23/EP02_01.avi,True,True
CASME_II,23,EP03_14f,51,91.0,111,disgust,Negative,4+R10,micro-expression,61,200,/home/pantaddh/Desktop/Addy thesis/DATASETS/CASME_Ⅱ/CASME2-RAW/sub23/EP03_14f.avi,False,False
CASME_II,23,EP04_03f,16,91.0,115,repression,Negative,14+15,micro-expression,100,200,/home/pantaddh/Desktop/Addy thesis/DATASETS/CASME_Ⅱ/CASME2-RAW/sub23/EP04_03f.avi,True,True
CASME_II,23,EP05_24f,106,141.0,171,repression,Negative,4+15+17,micro-expression,66,200,/home/pantaddh/Desktop/Addy thesis/DATASETS/CASME_Ⅱ/CASME2-RAW/sub23/EP05_24f.avi,False,False
CASME_II,23,EP05_25f,51,86.0,131,disgust,Negative,4+7+10,micro-expression,81,200,/home/pantaddh/Desktop/Addy thesis/DATASETS/CASME_Ⅱ/CASME2-RAW/sub23/EP05_25f.avi,False,False
CASME_II,23,EP07_01,36,64.0,96,others,Others,4,micro-expression,61,200,/home/pantaddh/Desktop/Addy thesis/DATASETS/CASME_Ⅱ/CASME2-RAW/sub23/EP07_01.avi,True,True
CASME_II,23,EP12_02f,46,84.0,130,disgust,Negative,4+7+10,micro-expression,85,200,/home/pantaddh/Desktop/Addy thesis/DATASETS/CASME_Ⅱ/CASME2-RAW/sub23/EP12_02f.avi,True,True
CASME_II,23,EP12_03,86,129.0,161,disgust,Negative,4+10,micro-expression,76,200,/home/pantaddh/Desktop/Addy thesis/DATASETS/CASME_Ⅱ/CASME2-RAW/sub23/EP12_03.avi,True,True
CASME_II,23,EP13_03,36,56.0,91,others,Others,4,micro-expression,56,200,/home/pantaddh/Desktop/Addy thesis/DATASETS/CASME_Ⅱ/CASME2-RAW/sub23/EP13_03.avi,True,True
CASME_II,23,EP13_04,21,41.0,86,repression,Negative,17,micro-expression,66,200,/home/pantaddh/Desktop/Addy thesis/DATASETS/CASME_Ⅱ/CASME2-RAW/sub23/EP13_04.avi,True,True
CASME_II,23,EP13_07f,56,64.0,126,others,Others,4,micro-expression,71,200,/home/pantaddh/Desktop/Addy thesis/DATASETS/CASME_Ⅱ/CASME2-RAW/sub23/EP13_07f.avi,True,True
CASME_II,23,EP17_01,81,114.0,146,others,Others,4,micro-expression,66,200,/home/pantaddh/Desktop/Addy thesis/DATASETS/CASME_Ⅱ/CASME2-RAW/sub23/EP17_01.avi,True,True
CASME_II,24,EP01_08,33,69.0,131,disgust,Negative,L7+L10,micro-expression,99,200,/home/pantaddh/Desktop/Addy thesis/DATASETS/CASME_Ⅱ/CASME2-RAW/sub24/EP01_08.avi,True,True
CASME_II,24,EP02_02f,71,94.0,106,disgust,Negative,4+7,micro-expression,36,200,/home/pantaddh/Desktop/Addy thesis/DATASETS/CASME_Ⅱ/CASME2-RAW/sub24/EP02_02f.avi,True,True
CASME_II,24,EP07_01,24,41.0,66,sadness,Negative,1,micro-expression,43,200,/home/pantaddh/Desktop/Addy thesis/DATASETS/CASME_Ⅱ/CASME2-RAW/sub24/EP07_01.avi,True,True
CASME_II,24,EP07_04f,4,24.0,41,sadness,Negative,1,micro-expression,38,200,/home/pantaddh/Desktop/Addy thesis/DATASETS/CASME_Ⅱ/CASME2-RAW/sub24/EP07_04f.avi,True,True
CASME_II,24,EP08_02,121,156.0,181,others,Others,4,micro-expression,61,200,/home/pantaddh/Desktop/Addy thesis/DATASETS/CASME_Ⅱ/CASME2-RAW/sub24/EP08_02.avi,True,True
CASME_II,24,EP10_01f,131,149.0,154,others,Others,4,micro-expression,24,200,/home/pantaddh/Desktop/Addy thesis/DATASETS/CASME_Ⅱ/CASME2-RAW/sub24/EP10_01f.avi,True,True
CASME_II,24,EP10_02,101,121.0,136,others,Others,4,micro-expression,36,200,/home/pantaddh/Desktop/Addy thesis/DATASETS/CASME_Ⅱ/CASME2-RAW/sub24/EP10_02.avi,True,True
CASME_II,24,EP10_03,334,356.0,376,sadness,Negative,1,micro-expression,43,200,/home/pantaddh/Desktop/Addy thesis/DATASETS/CASME_Ⅱ/CASME2-RAW/sub24/EP10_03.avi,True,True
CASME_II,24,EP12_01,81,99.0,121,others,Others,L6+L7,micro-expression,41,200,/home/pantaddh/Desktop/Addy thesis/DATASETS/CASME_Ⅱ/CASME2-RAW/sub24/EP12_01.avi,True,True
CASME_II,24,EP18_03,53,76.0,88,surprise,Surprise,L1+L2,micro-expression,36,200,/home/pantaddh/Desktop/Addy thesis/DATASETS/CASME_Ⅱ/CASME2-RAW/sub24/EP18_03.avi,True,True
CASME_II,25,EP03_01,56,81.0,116,others,Others,24,micro-expression,61,200,/home/pantaddh/Desktop/Addy thesis/DATASETS/CASME_Ⅱ/CASME2-RAW/sub25/EP03_01.avi,True,True
CASME_II,25,EP03_02,51,101.0,134,others,Others,24,micro-expression,84,200,/home/pantaddh/Desktop/Addy thesis/DATASETS/CASME_Ⅱ/CASME2-RAW/sub25/EP03_02.avi,True,True
CASME_II,25,EP09_02,76,101.0,111,disgust,Negative,4+7,micro-expression,36,200,/home/pantaddh/Desktop/Addy thesis/DATASETS/CASME_Ⅱ/CASME2-RAW/sub25/EP09_02.avi,True,True
CASME_II,25,EP10_01,101,129.0,176,disgust,Negative,4+7,micro-expression,76,200,/home/pantaddh/Desktop/Addy thesis/DATASETS/CASME_Ⅱ/CASME2-RAW/sub25/EP10_01.avi,True,True
CASME_II,25,EP10_10,61,91.0,158,surprise,Surprise,R2,micro-expression,98,200,/home/pantaddh/Desktop/Addy thesis/DATASETS/CASME_Ⅱ/CASME2-RAW/sub25/EP10_10.avi,True,True
CASME_II,25,EP12_01,131,151.0,186,surprise,Surprise,R2,micro-expression,56,200,/home/pantaddh/Desktop/Addy thesis/DATASETS/CASME_Ⅱ/CASME2-RAW/sub25/EP12_01.avi,True,True
CASME_II,25,EP18_04f,76,116.0,116,disgust,Negative,4+7,micro-expression,41,200,/home/pantaddh/Desktop/Addy thesis/DATASETS/CASME_Ⅱ/CASME2-RAW/sub25/EP18_04f.avi,True,True
CASME_II,26,EP03_10,116,149.0,201,happiness,Positive,R12,micro-expression,86,200,/home/pantaddh/Desktop/Addy thesis/DATASETS/CASME_Ⅱ/CASME2-RAW/sub26/EP03_10.avi,True,True
CASME_II,26,EP07_28,31,51.0,71,others,Others,14,micro-expression,41,200,/home/pantaddh/Desktop/Addy thesis/DATASETS/CASME_Ⅱ/CASME2-RAW/sub26/EP07_28.avi,True,True
CASME_II,26,EP07_37,92,119.0,190,others,Others,14,micro-expression,99,200,/home/pantaddh/Desktop/Addy thesis/DATASETS/CASME_Ⅱ/CASME2-RAW/sub26/EP07_37.avi,True,True
CASME_II,26,EP08_04,31,79.0,89,others,Others,4+7+12,micro-expression,59,200,/home/pantaddh/Desktop/Addy thesis/DATASETS/CASME_Ⅱ/CASME2-RAW/sub26/EP08_04.avi,True,True
CASME_II,26,EP09_04,31,56.0,91,disgust,Negative,4+7,micro-expression,61,200,/home/pantaddh/Desktop/Addy thesis/DATASETS/CASME_Ⅱ/CASME2-RAW/sub26/EP09_04.avi,True,True
CASME_II,26,EP09_09,46,76.0,101,disgust,Negative,4,micro-expression,56,200,/home/pantaddh/Desktop/Addy thesis/DATASETS/CASME_Ⅱ/CASME2-RAW/sub26/EP09_09.avi,True,True
CASME_II,26,EP13_01,4,29.0,61,others,Others,?,micro-expression,58,200,/home/pantaddh/Desktop/Addy thesis/DATASETS/CASME_Ⅱ/CASME2-RAW/sub26/EP13_01.avi,True,True
CASME_II,26,EP13_02,32,54.0,116,happiness,Positive,R12,micro-expression,85,200,/home/pantaddh/Desktop/Addy thesis/DATASETS/CASME_Ⅱ/CASME2-RAW/sub26/EP13_02.avi,True,True
CASME_II,26,EP13_11,20,59.0,101,disgust,Negative,4+9,micro-expression,82,200,/home/pantaddh/Desktop/Addy thesis/DATASETS/CASME_Ⅱ/CASME2-RAW/sub26/EP13_11.avi,True,True
CASME_II,26,EP15_01,42,61.0,81,sadness,Negative,1+4,micro-expression,40,200,/home/pantaddh/Desktop/Addy thesis/DATASETS/CASME_Ⅱ/CASME2-RAW/sub26/EP15_01.avi,True,True
CASME_II,26,EP16_01,26,54.0,76,disgust,Negative,4,micro-expression,51,200,/home/pantaddh/Desktop/Addy thesis/DATASETS/CASME_Ⅱ/CASME2-RAW/sub26/EP16_01.avi,True,True
CASME_II,26,EP18_44,11,36.0,71,disgust,Negative,4,micro-expression,61,200,/home/pantaddh/Desktop/Addy thesis/DATASETS/CASME_Ⅱ/CASME2-RAW/sub26/EP18_44.avi,True,True
CASME_II,26,EP18_46,31,46.0,101,others,Others,17,micro-expression,71,200,/home/pantaddh/Desktop/Addy thesis/DATASETS/CASME_Ⅱ/CASME2-RAW/sub26/EP18_46.avi,True,True
CASME_II,26,EP18_47,6,49.0,86,disgust,Negative,4,micro-expression,81,200,/home/pantaddh/Desktop/Addy thesis/DATASETS/CASME_Ⅱ/CASME2-RAW/sub26/EP18_47.avi,True,True
CASME_II,26,EP18_49,16,54.0,80,disgust,Negative,4,micro-expression,65,200,/home/pantaddh/Desktop/Addy thesis/DATASETS/CASME_Ⅱ/CASME2-RAW/sub26/EP18_49.avi,True,True
CASME_II,26,EP18_50,78,99.0,161,disgust,Negative,4,micro-expression,84,200,/home/pantaddh/Desktop/Addy thesis/DATASETS/CASME_Ⅱ/CASME2-RAW/sub26/EP18_50.avi,True,True
CASME_II,26,EP18_51,21,64.0,81,disgust,Negative,4,micro-expression,61,200,/home/pantaddh/Desktop/Addy thesis/DATASETS/CASME_Ⅱ/CASME2-RAW/sub26/EP18_51.avi,True,True
